Txhash,Blockno,UnixTimestamp,DateTime,From,To,ContractAddress,Value_IN(HT),Value_OUT(HT),CurrentValue @ $14.15/HT,TxnFee(HT),TxnFee(USD),Historical $Price/HT,Status,ErrCode
0xcddad66990dee15ee592d0ffee0971f68f70b72408aec586c51ec7b4e705ee07,7054522,1628057332,2021-8-4 6:08,0x3047ef8d35aa330fed84ee86a75f38a8728f2fd5,,0x587840d85679dc6d9589052aa49625a783feaf30,0,0,0,0.011508869,0.1628505,10.57,,
0xa856c94bc419eb8a3fdc216662e30c0f894e3ec0ae61e080699d0df2a839115c,7054710,1628057896,2021-8-4 6:18,0x3047ef8d35aa330fed84ee86a75f38a8728f2fd5,0x587840d85679dc6d9589052aa49625a783feaf30,,0,0,0,0.000195397,0.002764864,10.57,,
0x8f23d7801d0d9d15218d83753978d50c06a602cecb1aa55340fdbede79fcb1f4,7147906,1628337484,2021-8-7 11:58,0x8a8c88f9393e4a7f87f2fea2ee37ea93c9c1b872,0x587840d85679dc6d9589052aa49625a783feaf30,,0,0,0,0.000410047,0.005802162,12.78,,
0x893051e3681c5cfbdf6f948a242afc6ad81da439f5b1174c7ca54e493fc55058,7147914,1628337508,2021-8-7 11:58,0x8a8c88f9393e4a7f87f2fea2ee37ea93c9c1b872,0x587840d85679dc6d9589052aa49625a783feaf30,,0,0,0,0.000275101,0.003892676,12.78,,
0xfc748b1a636f37231561a204a1a82283e5e0dc507e2964dd66da789c988b484c,7147931,1628337559,2021-8-7 11:59,0x8a8c88f9393e4a7f87f2fea2ee37ea93c9c1b872,0x587840d85679dc6d9589052aa49625a783feaf30,,0,0,0,0.000275101,0.003892676,12.78,,
0x4cf347c15867292cd81229a00014958366a7b5a87f7307404db5d52f9d3ff647,7147939,1628337583,2021-8-7 11:59,0x8a8c88f9393e4a7f87f2fea2ee37ea93c9c1b872,0x587840d85679dc6d9589052aa49625a783feaf30,,0,0,0,0.000275101,0.003892676,12.78,,
0x1ba500a34ed3b8760582f37f785524d697e19876fad7e99ce4b088538f2d79b0,7147952,1628337622,2021-8-7 12:00,0x8a8c88f9393e4a7f87f2fea2ee37ea93c9c1b872,0x587840d85679dc6d9589052aa49625a783feaf30,,0,0,0,0.000275101,0.003892676,12.78,,
0x698b5034db91e709ac88beb992f728da8a9a99a77a2107efd07e528cb78b076f,7148031,1628337859,2021-8-7 12:04,0x33e9a890a0287d0c173c49a18e64b263b2aa87b8,0x587840d85679dc6d9589052aa49625a783feaf30,,0,0,0,0.000155498,0.002200297,12.78,,
0xa9f20d636acc3a8490c95b37031f06d8fc600a50cc76caf5862fc1fc77867979,7148347,1628338807,2021-8-7 12:20,0x3bc106bb0240610f0fb272739bea0b566ed164dc,0x587840d85679dc6d9589052aa49625a783feaf30,,0,0,0,0.00088424,0.012511996,12.78,,
0x5516fbab3c2817c65aa787e772aa0f68b8d47d5c96177a269006d255c3c1ae0c,7148658,1628339740,2021-8-7 12:35,0x87cf4c84337aa9ebc7de6305b80e2701b5672b02,0x587840d85679dc6d9589052aa49625a783feaf30,,0,0,0,0.000155498,0.002200297,12.78,,
0x98c353ad471af53285aa97cc29b929806e1909d7bc85f594478e18a4ae7fc3cf,7149047,1628340907,2021-8-7 12:55,0xb9a8f5aa4035e73f321e3e77d880d5739e762ebc,0x587840d85679dc6d9589052aa49625a783feaf30,,0,0,0,0.000099963,0.001414476,12.78,,
0xd817ab5e031f91c8b138f15d5840d64992bd5252a1446059e7b6a0effa484407,7149056,1628340934,2021-8-7 12:55,0x3b612ecf95fd90847fd9bcb2918eca213427d866,0x587840d85679dc6d9589052aa49625a783feaf30,,0,0,0,0.000099963,0.001414476,12.78,,
0xce22f26aebfebb387257212b7422208bc7a1c9a9846fcdae9315b864bb72fb9c,7149078,1628341000,2021-8-7 12:56,0x7fd7abaa42b17e14ac46d437e0b4d61553c7275d,0x587840d85679dc6d9589052aa49625a783feaf30,,0,0,0,0.000099963,0.001414476,12.78,,
0x3d1045083efeaf3092c41a2e32c8fe3c6f2267af1beb88499b4fc400259ef2bc,7149109,1628341093,2021-8-7 12:58,0x8a8c88f9393e4a7f87f2fea2ee37ea93c9c1b872,0x587840d85679dc6d9589052aa49625a783feaf30,,0,0,0,0.000210296,0.002975692,12.78,,
0x600ddd8037a6fd209c2a261fc9a1c7f7129a550943140efaa172f52f4fae6e2f,7149118,1628341120,2021-8-7 12:58,0xab78bfeeca73eb76570715c3b11163d38d75aca2,0x587840d85679dc6d9589052aa49625a783feaf30,,0,0,0,0.000155498,0.002200297,12.78,,
0x07da5b83e29043eab8232e51fd80636175955bac231f4f9339d0890aedad57c5,7149139,1628341183,2021-8-7 12:59,0x2f4809f889aac4989ff07a2d7bc2853f695e8b75,0x587840d85679dc6d9589052aa49625a783feaf30,,0,0,0,0.000099963,0.001414476,12.78,,
0xcecd5b51b5ec7a4cd549bd5dd82dc816fd0ffc765601b9e700db8660c253460e,7149206,1628341384,2021-8-7 13:03,0x8a8c88f9393e4a7f87f2fea2ee37ea93c9c1b872,0x587840d85679dc6d9589052aa49625a783feaf30,,0,0,0,0.000099963,0.001414476,12.78,,
0xe46dd9613f1ea734d22bdbd5dc79905b58ab06f1035af87a57e0adc2f0a278c5,7149214,1628341408,2021-8-7 13:03,0x0ae262566a359a225a0dc927cb5e301932737288,0x587840d85679dc6d9589052aa49625a783feaf30,,0,0,0,0.0044428,0.06286562,12.78,,
0xa82e3ef7bee6921a52d98838c0cbcf036c25b7983ca15f40bb34ce13d58cd6b5,7149215,1628341411,2021-8-7 13:03,0xe505e0ad45cf77fff80402b0d7b5dc3fdc9f73ce,0x587840d85679dc6d9589052aa49625a783feaf30,,0,0,0,0.00088424,0.012511996,12.78,,
0x957434afacc7539b0a96b04b5c63cce08f3a40664b3981b65b56609ba7a50aa6,7149215,1628341411,2021-8-7 13:03,0x9951a83c7f87eff4cd7a2feb6bc7f3af788fba0f,0x587840d85679dc6d9589052aa49625a783feaf30,,0,0,0,0.00022214,0.003143281,12.78,,
0xd2c2ebe759b7b23fa644b9cc6007fd05c61fefd9dac7d6f37bca5fd35f7d7f87,7149215,1628341411,2021-8-7 13:03,0x85ffacad1bfb0443a147715a55f8633676ef8342,0x587840d85679dc6d9589052aa49625a783feaf30,,0,0,0,0.000099963,0.001414476,12.78,,
0x86ff027dbceb0bc90eeecabb12fe77ca39b7f9df492ac8cc8e6abf3cb25edb6f,7149215,1628341411,2021-8-7 13:03,0x63f0078d213e09d713fb4cb6721070eecb4f3a39,0x587840d85679dc6d9589052aa49625a783feaf30,,0,0,0,0.000099963,0.001414476,12.78,,
0xb8bcff637a763f63133c1642566e5b319a5d9f437c5a00ba7f4c244ac893eb6c,7149215,1628341411,2021-8-7 13:03,0x6fca10f8b76dc497b6cbe681cb326fb1c74893f0,0x587840d85679dc6d9589052aa49625a783feaf30,,0,0,0,0.000099963,0.001414476,12.78,,
0x15d8ebb7a8d760a8e2ce78109d0a5fd0440e880942a3cf18f7f782d762cfbff3,7149216,1628341414,2021-8-7 13:03,0x34fc03ca073bed43fa5cbeb6de3b6adce95cb060,0x587840d85679dc6d9589052aa49625a783feaf30,,0,0,0,0.00088424,0.012511996,12.78,,
0x4ea87faf31b0b38bcf00c49cda6d84ae4655c9ed1034db13fc4973d7e1c2d871,7149216,1628341414,2021-8-7 13:03,0x74460f9f2356e72aebda74ced2f1297a0cf83045,0x587840d85679dc6d9589052aa49625a783feaf30,,0,0,0,0.00088424,0.012511996,12.78,,
0x8c434eb9c6ea381975e7dd0893e9177dcbec30f27f5d4650d40d9f1c06fcb406,7149216,1628341414,2021-8-7 13:03,0x347263b47e96a624997c4619551ae5f6329709c7,0x587840d85679dc6d9589052aa49625a783feaf30,,0,0,0,0.000099963,0.001414476,12.78,,
0x743892a1d80e26d0440e0d2abf6b1385b7c2a42629f2b240db1307099d197764,7149216,1628341414,2021-8-7 13:03,0x619073e55ff4bfecc07778ecde439c4b4c5cc267,0x587840d85679dc6d9589052aa49625a783feaf30,,0,0,0,0.000099963,0.001414476,12.78,,
0x069e11f39388d03829802c365139c962263cc97f701eb1b311c938305120294b,7149216,1628341414,2021-8-7 13:03,0xc29500f527aa85f6947851e52c493d21bc33c8c6,0x587840d85679dc6d9589052aa49625a783feaf30,,0,0,0,0.000099963,0.001414476,12.78,,
0xaf73a62590b78ec2e95f195956dff070d947e2b852533faeb365c21c2e0ffaf6,7149217,1628341417,2021-8-7 13:03,0x0ce881534a0acc66c05af0896b06a6f7c2df4fcc,0x587840d85679dc6d9589052aa49625a783feaf30,,0,0,0,0.00088424,0.012511996,12.78,,
0xdd8cb6929e509d57134ff87cf195c11de8f30248ef49fca4c7eb726bb4aaa450,7149217,1628341417,2021-8-7 13:03,0xd30ed9c83fab3c84a67acee801b343b7bed70f51,0x587840d85679dc6d9589052aa49625a783feaf30,,0,0,0,0.000099369,0.001406071,12.78,,
0x8ebcb34797c4ef0ecbacf5f5f187188199729f071764023513899d3f567d2be7,7149217,1628341417,2021-8-7 13:03,0x94dc86b2c6495d8a71ba5dbc1495e71259dc71c5,0x587840d85679dc6d9589052aa49625a783feaf30,,0,0,0,0.000099963,0.001414476,12.78,,
0x8b90e3b46b3b0e229f6266343ad4cd170f180632d0fcb9589713977eb843a98d,7149218,1628341420,2021-8-7 13:03,0xc470439ea5651db81ef2bb2b2e1a4f3044a97412,0x587840d85679dc6d9589052aa49625a783feaf30,,0,0,0,0.00088424,0.012511996,12.78,,
0xb2e882ec1772e4e3fd7a7d8558d45b7f0b936d1b269b068d17f13fac387f76e5,7149218,1628341420,2021-8-7 13:03,0x5d0c3e0f11a32aa87828a59a62eaced4ac07b824,0x587840d85679dc6d9589052aa49625a783feaf30,,0,0,0,0.00088424,0.012511996,12.78,,
0x12afcd94932d6869f5fd879a8a8e1e39c6b91509f9eef33969358789ddb31bf7,7149218,1628341420,2021-8-7 13:03,0x347c3309bd44af3b19b329c9df03a7269cea9904,0x587840d85679dc6d9589052aa49625a783feaf30,,0,0,0,0.000155498,0.002200297,12.78,,
0xc71a282f14096454227cfee613dcd05b5a31fb2f12b8be1f15c23a5a975ddb4c,7149218,1628341420,2021-8-7 13:03,0x619073e55ff4bfecc07778ecde439c4b4c5cc267,0x587840d85679dc6d9589052aa49625a783feaf30,,0,0,0,0.000056763,0.000803196,12.78,,
0x759b7f15a1d09bbf738edbb7c9eaef8e673930e9daee2c0c9b39cac1843583b9,7149219,1628341423,2021-8-7 13:03,0x619073e55ff4bfecc07778ecde439c4b4c5cc267,0x587840d85679dc6d9589052aa49625a783feaf30,,0,0,0,0.000088298,0.001249417,12.78,,
0x5c6893f25857c1d207b1c004fd2e3f1704fd9803df9cc64d3326be827e8ba98b,7149220,1628341426,2021-8-7 13:03,0x48aa3439aebfc8a045173eb0625e194a22a5d2bb,0x587840d85679dc6d9589052aa49625a783feaf30,,0,0,0,0.00088424,0.012511996,12.78,,
0x660538ebb09ee51c16a7c3281ca32d1bcef98fdb86b718a56cf58790c00b7e39,7149221,1628341429,2021-8-7 13:03,0x630ab691739e63cac83803ef7fe94843d0f3ac29,0x587840d85679dc6d9589052aa49625a783feaf30,,0,0,0,0.000322547,0.004564044,12.78,,
0xee17003ac49e0990cf1b8c1ae3a1d548531666a066ee4cbb820cdff28d2b0041,7149221,1628341429,2021-8-7 13:03,0x911585461794f3ed3c69ca552f1947b7538c5153,0x587840d85679dc6d9589052aa49625a783feaf30,,0,0,0,0.000155498,0.002200297,12.78,,
0xf8017bfde9950d008274fdd5d9899ba24611b3f1b80149548b5fe9fda5701c76,7149223,1628341435,2021-8-7 13:03,0x582710897b52eede9f1e3aa74cc7177a2c583df7,0x587840d85679dc6d9589052aa49625a783feaf30,,0,0,0,0.00088856,0.012573124,12.78,,
0x9fa94597cc5033b29a6eab585d37308cb93100f34a3429c057668b0ad5ca013f,7149223,1628341435,2021-8-7 13:03,0x2da4c1df4c66a1ed2243974581ebe1b38a22f63b,0x587840d85679dc6d9589052aa49625a783feaf30,,0,0,0,0.00088424,0.012511996,12.78,,
0x42540fa9f049923a6c0c31010a86eb8dcedcf336a278b3212268d6fb96ca623b,7149223,1628341435,2021-8-7 13:03,0x000000634ece3b0b7f357bccf06481dbc18896ba,0x587840d85679dc6d9589052aa49625a783feaf30,,0,0,0,0.00088856,0.012573124,12.78,,
0x622b548d183a33cd7788bbbfc8d7ab1031f97c4c9aece7366187a19112fb1d35,7149223,1628341435,2021-8-7 13:03,0xb2d61867a5de43016d8f38723d4ee4fb148354bd,0x587840d85679dc6d9589052aa49625a783feaf30,,0,0,0,0.00088424,0.012511996,12.78,,
0x7947935e001753c4528fa0a9a6a421aed1c1d80ddba32a862382b7f84a60566a,7149223,1628341435,2021-8-7 13:03,0x32e4d7531c7d0c0ab30530f5f79d5ddff114f6f1,0x587840d85679dc6d9589052aa49625a783feaf30,,0,0,0,0.000099963,0.001414476,12.78,,
0xdf9cf60d5beb6258bcf5a13f3f7f48af344bae604a74fa3544d09696b52d36ae,7149224,1628341438,2021-8-7 13:03,0x2aa21f286b71fdfa9b23fd565ec29e799b6d5c0e,0x587840d85679dc6d9589052aa49625a783feaf30,,0,0,0,0.00088856,0.012573124,12.78,,
0x5b310ece4c66056d1720ac9248495df44dce4522937d2d9203520f21d588c9ec,7149224,1628341438,2021-8-7 13:03,0xe9cda829c49a59b68f07746a7fe81ba8e89e9838,0x587840d85679dc6d9589052aa49625a783feaf30,,0,0,0,0.00088856,0.012573124,12.78,,
0x2827e02c3bdc56b823153bdaf2f242aea203a8509f78f48ce0e3cb60b3428693,7149224,1628341438,2021-8-7 13:03,0xd116bbd6ce52fff1178984110ca00690e025dce0,0x587840d85679dc6d9589052aa49625a783feaf30,,0,0,0,0.00088856,0.012573124,12.78,,
0xe05389a9789cf79537c9600c3726c57c3660694dcb0f356a58162b31ca0094c9,7149224,1628341438,2021-8-7 13:03,0x9f45eacf82006c955eddaeb69dad67fe3f9b0f66,0x587840d85679dc6d9589052aa49625a783feaf30,,0,0,0,0.00088424,0.012511996,12.78,,
0xb8994a59afd42556c484de8f10e8e84900ba6a88c975a06c0d9bb3bb290491bf,7149224,1628341438,2021-8-7 13:03,0xc24ae63c7c9cccc0db42f4e305af344e856af3dc,0x587840d85679dc6d9589052aa49625a783feaf30,,0,0,0,0.000099963,0.001414476,12.78,,
0x73c7c8a69e1c59e136b0da6b272054e866443430668da89f47cae24f2096fc04,7149225,1628341441,2021-8-7 13:04,0x55fe45a03d5b2eca8f9237f374d7de7f951d08ec,0x587840d85679dc6d9589052aa49625a783feaf30,,0,0,0,0.00088856,0.012573124,12.78,,
0xa6de0ae9978ddb8365b71c0776aaf4a1cce7fc5864602a9669eadd9f74ea0a0c,7149225,1628341441,2021-8-7 13:04,0xce2083cea3599519fe6e47f47b2058ee7b0d457b,0x587840d85679dc6d9589052aa49625a783feaf30,,0,0,0,0.00088856,0.012573124,12.78,,
0x3d5d8fc5c2cb63db67259c508a60b6df29d8648d997cb3fdb31e9f738b3be71c,7149225,1628341441,2021-8-7 13:04,0x2eed3f5aa27bc5a7fff3fb7d719bd18e95ebee7b,0x587840d85679dc6d9589052aa49625a783feaf30,,0,0,0,0.000322547,0.004564044,12.78,,
0x1891c127db1cf09243fdd0b5b0b115634f6a880418c2e4394c6dae6f33a641b9,7149226,1628341444,2021-8-7 13:04,0x9ce8cb608c605f6960f6e794d0460111c054b92e,0x587840d85679dc6d9589052aa49625a783feaf30,,0,0,0,0.00088424,0.012511996,12.78,,
0xa5c42c1ac01189a6d2904b391f9abbdddf19ab5a6f715edb4591bd589df7b81a,7149226,1628341444,2021-8-7 13:04,0x5d0c3e0f11a32aa87828a59a62eaced4ac07b824,0x587840d85679dc6d9589052aa49625a783feaf30,,0,0,0,0.00050024,0.007078396,12.78,,
0x8ca81a02b7e447e018725f3741e7409ad990fbc1890d24da3c8e109ad0b6a719,7149226,1628341444,2021-8-7 13:04,0xe0c93f3ffd90d9712c8e0fe8757182f53181ffdc,0x587840d85679dc6d9589052aa49625a783feaf30,,0,0,0,0.00088424,0.012511996,12.78,,
0xf9937360cf984da3f5b82a7a94964202094b5702ef3e2c6d164fe5b87daf3336,7149227,1628341447,2021-8-7 13:04,0x48aa3439aebfc8a045173eb0625e194a22a5d2bb,0x587840d85679dc6d9589052aa49625a783feaf30,,0,0,0,0.00050024,0.007078396,12.78,,
0x4ae62ee56843af466c3f3a1110afc9fa7e34e2e037cf3c1818c27f580dc71a21,7149227,1628341447,2021-8-7 13:04,0xa92ab981c0b78ae59c54f19944695373b83b90cc,0x587840d85679dc6d9589052aa49625a783feaf30,,0,0,0,0.000177712,0.002514625,12.78,,
0xaa69e65389c7b76e02862060ec352b64eaed35bfdba1d0757b7bc5bf2f1acaa1,7149227,1628341447,2021-8-7 13:04,0x80d29d224c8767aa0abc5c7a18243658fa5918ba,0x587840d85679dc6d9589052aa49625a783feaf30,,0,0,0,0.000155498,0.002200297,12.78,,
0x8bc6593f1b82400a37a1b67aa007809c72dcbb04fc91eba7a35a75d60d1e62c2,7149227,1628341447,2021-8-7 13:04,0x35db23b69d7160321eaa4cd120ff1d4828fa178e,0x587840d85679dc6d9589052aa49625a783feaf30,,0,0,0,0.000155498,0.002200297,12.78,,
0x4f801b78f12a2355bfbd8ddc9f294dc53795ecd86ff3c6cc2a7b9014729d94c7,7149227,1628341447,2021-8-7 13:04,0xb25d663641ffc9515074923d85f2192ed3a56372,0x587840d85679dc6d9589052aa49625a783feaf30,,0,0,0,0.000099963,0.001414476,12.78,,
0xfdf05965a8870f9966e76ae0695594271666ae5c9400974eb14f42439b1201f3,7149228,1628341450,2021-8-7 13:04,0xce2083cea3599519fe6e47f47b2058ee7b0d457b,0x587840d85679dc6d9589052aa49625a783feaf30,,0,0,0,8.07296E-05,0.001142324,12.78,,
0x5bd2392e3c97efa2880fd1a1ac4037987e143b4769644de9928d4d9925679ee8,7149229,1628341453,2021-8-7 13:04,0x613ddc948ac426ae9ee663a56190b4b0a5f32474,0x587840d85679dc6d9589052aa49625a783feaf30,,0,0,0,0.00022214,0.003143281,12.78,,
0x1160bfd778a1b0fc3b37bb0bda32549acc0e771d870ca36e17184a61ea7168ed,7149229,1628341453,2021-8-7 13:04,0xdbe16c4c10503cddd702de7136d52a0c2c0d9da7,0x587840d85679dc6d9589052aa49625a783feaf30,,0,0,0,0.000155498,0.002200297,12.78,,
0x247b6ff15b0bf0dfff2e59df535205ed96040da8e68f4d8f178db776694a51dc,7149230,1628341456,2021-8-7 13:04,0x698e0c12c6f6ae90f85bcb1d218ded7a3d7f08e7,0x587840d85679dc6d9589052aa49625a783feaf30,,0,0,0,0.000155498,0.002200297,12.78,,
0x66dd251f8f6ab569e28e6590a022b522f97505d72a50297c04f84bd04331c312,7149233,1628341465,2021-8-7 13:04,0x05b0fe0f60554859de5a7e01b880e3ee36cc26c3,0x587840d85679dc6d9589052aa49625a783feaf30,,0,0,0,0.000099963,0.001414476,12.78,,
0x325fe514ad9c1283008b9f61093931cc83380616064345197831737e6c85bb1f,7149234,1628341468,2021-8-7 13:04,0xb4cb8b7de7489debe5f4382a8f8231a46d99e59e,0x587840d85679dc6d9589052aa49625a783feaf30,,0,0,0,0.00088424,0.012511996,12.78,,
0x481b5a3ed7bce6d905bb678fbd0531b709df8a7ae921ae17d7bfd61946d79caf,7149234,1628341468,2021-8-7 13:04,0x0598eea185c1a71d3c54a99b78263eb2f211e6e4,0x587840d85679dc6d9589052aa49625a783feaf30,,0,0,0,0.00088424,0.012511996,12.78,,
0xb31bbdc1f124bd1c6082ad8e6b920c65c365753d066fde2d29d4e903ffe5d1c2,7149234,1628341468,2021-8-7 13:04,0x3859995ce2623acc3ae20a004ce6a2823d5bc30d,0x587840d85679dc6d9589052aa49625a783feaf30,,0,0,0,0.000155498,0.002200297,12.78,,
0xcb823de8b4f8ddb0f5b913e0596654e654d8af6f6c58bb2f08e11abc6ddf22d6,7149235,1628341471,2021-8-7 13:04,0xe1c5775bf8a4194e6d0e2f7ee3f585ce89cf33b5,0x587840d85679dc6d9589052aa49625a783feaf30,,0,0,0,0.000155498,0.002200297,12.78,,
0x0d38d9692a3a240927977edecbe5bdebb52c31669393a81ef60b50216b45d8a8,7149236,1628341474,2021-8-7 13:04,0x9b4beb53d4990ab66534d8c1e6d444ab657f2c3d,0x587840d85679dc6d9589052aa49625a783feaf30,,0,0,0,0.00088424,0.012511996,12.78,,
0x3eeff737c4042b7eab32761bedd34193466c8a063d00a0b07f68a33b45d55a71,7149236,1628341474,2021-8-7 13:04,0x708420847ba320072030c1a1aea96589d3323d5a,0x587840d85679dc6d9589052aa49625a783feaf30,,0,0,0,0.000155498,0.002200297,12.78,,
0xcb0f4aaa540595a7ce94b9f097cf0d97ade6800efd0198b6512a56787219fe54,7149237,1628341477,2021-8-7 13:04,0xe97ca37cde465aa3d4f8167cb90e539c6c6e5054,0x587840d85679dc6d9589052aa49625a783feaf30,,0,0,0,0.000099963,0.001414476,12.78,,
0x72f0110bbc35c708b8fe6de40011ba784301f670d374ccc4fcb35cfe09eec4fb,7149238,1628341480,2021-8-7 13:04,0x4004d4f98de6229846715a12f503784970eec2cf,0x587840d85679dc6d9589052aa49625a783feaf30,,0,0,0,0.000099963,0.001414476,12.78,,
0x41155f8dc39ef5a48df8522404ec07275077077b109a1f217894a70f35a31617,7149239,1628341483,2021-8-7 13:04,0x05373ab8969cf34f10b1254679ea174f77944f30,0x587840d85679dc6d9589052aa49625a783feaf30,,0,0,0,0.000155498,0.002200297,12.78,,
0x2928dcdbd78aa21b232a18d8ced83782669c7b55fd6d36fa6ae0187e626597ed,7149241,1628341489,2021-8-7 13:04,0xe505e0ad45cf77fff80402b0d7b5dc3fdc9f73ce,0x587840d85679dc6d9589052aa49625a783feaf30,,0,0,0,0.00050024,0.007078396,12.78,,
0x4b4ace24012df3a15fd17d4d0b1dd85f6f7d5e97eb7f8234c44bba5f56cfc2f1,7149241,1628341489,2021-8-7 13:04,0xb4cb8b7de7489debe5f4382a8f8231a46d99e59e,0x587840d85679dc6d9589052aa49625a783feaf30,,0,0,0,0.00050024,0.007078396,12.78,,
0x850d05276e4fa4736595aa9ed9162b43917bf83babf358a3d7a3b2aa79e33c38,7149243,1628341495,2021-8-7 13:04,0x0a44971cd9a1ce00c624c6dfea248df347170c4b,0x587840d85679dc6d9589052aa49625a783feaf30,,0,0,0,0.000155498,0.002200297,12.78,,
0x68b8dff9a6db2b73a28f2f8e88a7f51a95d31a5222f144566ecb5f03437c044d,7149244,1628341498,2021-8-7 13:04,0x149ae5632acc6989f98c2c07ce1f8e06d8d45772,0x587840d85679dc6d9589052aa49625a783feaf30,,0,0,0,0.000099963,0.001414476,12.78,,
0xcb3946cd8fee1015273f73cd1df5ae94006db22bb05efc0ca66b0c705035eedb,7149245,1628341501,2021-8-7 13:05,0x99764c6f230ccab52127ee2f43c4217830b51d1b,0x587840d85679dc6d9589052aa49625a783feaf30,,0,0,0,0.000155498,0.002200297,12.78,,
0x7d455e68dc617ccda92261c741395fb509d3241197c721f93ee030b998af4432,7149247,1628341507,2021-8-7 13:05,0x90ebfdb2f5bbf195caba92c44a3313c7802aeb8f,0x587840d85679dc6d9589052aa49625a783feaf30,,0,0,0,0.000099963,0.001414476,12.78,,
0x72c1efbd5a1c3e0f5fe7bfb17e147dd2922e58ee019d8167cee80bc9735bc86a,7149249,1628341513,2021-8-7 13:05,0x3b621def006fa45e18bda2cb7d10d188fb9f39d7,0x587840d85679dc6d9589052aa49625a783feaf30,,0,0,0,0.000099963,0.001414476,12.78,,
0xfedcf9f62c17daed61da1e7bab3a063bbb6e48073719acf90641da2c68a0a7dc,7149250,1628341516,2021-8-7 13:05,0x8f2fdbb88a94a5016d33be6dd9112198e150a0e7,0x587840d85679dc6d9589052aa49625a783feaf30,,0,0,0,0.000155498,0.002200297,12.78,,
0xe2c93e39ac8ea5433b8b27b3cb7e8bc9e55e394e8969279cc4439fdf05614531,7149253,1628341525,2021-8-7 13:05,0x117a8ec133ffbbad3633309b4b177103843b2a92,0x587840d85679dc6d9589052aa49625a783feaf30,,0,0,0,0.000099963,0.001414476,12.78,,
0x87a7c23e80a2d2dd3235764424f502ce5c9dcf6babcbb67927dd55097c107416,7149254,1628341528,2021-8-7 13:05,0xb4cb8b7de7489debe5f4382a8f8231a46d99e59e,0x587840d85679dc6d9589052aa49625a783feaf30,,0,0,0,0.00050024,0.007078396,12.78,,
0x53e6309226025bbdd7b3a6fe663050a84ce55b774819609a06ad223fe2109b16,7149256,1628341534,2021-8-7 13:05,0x2911269b8eba5463d5d85b89e683dfe22dd953bd,0x587840d85679dc6d9589052aa49625a783feaf30,,0,0,0,0.000155498,0.002200297,12.78,,
0x4183012b643482299dee59450650f659e5f06dda39a3261ee14a5aa6747a0dd6,7149256,1628341534,2021-8-7 13:05,0x6d1b038d9addd28fa00f9ed818c54cb8a77e3179,0x587840d85679dc6d9589052aa49625a783feaf30,,0,0,0,0.000099963,0.001414476,12.78,,
0x75fce29ae0527f1c113de29bcf890ba0bac170dd24f74030fc30537b85f6745b,7149258,1628341540,2021-8-7 13:05,0xa3ac39b0d4d105178bf97da17842715ac8955d42,0x587840d85679dc6d9589052aa49625a783feaf30,,0,0,0,0.000155498,0.002200297,12.78,,
0x3a820d652d44c1cc918de23f88c18b79a11c39a59238fe17e506ca6b0a82f744,7149261,1628341549,2021-8-7 13:05,0x086eb3c9b1b0eb5ac7cb02a26152d21dad36b6aa,0x587840d85679dc6d9589052aa49625a783feaf30,,0,0,0,0.000155498,0.002200297,12.78,,
0xad295e98987a3305add429ff2287180b043a916bd70374875c7f9ec90b746846,7149262,1628341552,2021-8-7 13:05,0x7da9fe8639b8091867213931c00ce6f1db6cb64e,0x587840d85679dc6d9589052aa49625a783feaf30,,0,0,0,0.000155498,0.002200297,12.78,,
0xa852fe17d37c5b4d79bb02ee1c1432c143c0b209f0ae564a9da8551e12a29028,7149262,1628341552,2021-8-7 13:05,0x56866e56f81965777f15b2e6c3ef5e4b7af9e434,0x587840d85679dc6d9589052aa49625a783feaf30,,0,0,0,0.000155498,0.002200297,12.78,,
0x2750863d4cefdf9aa7aa62d315e5dabf322fdb73127c3e3f1809fbb74ee61bd1,7149263,1628341555,2021-8-7 13:05,0xd5de0e47a20eab8821602ba6b50f8d1dfafdbce7,0x587840d85679dc6d9589052aa49625a783feaf30,,0,0,0,0.000155498,0.002200297,12.78,,
0xb774ebf3341f8cd97d41fc114fc6fe8b8af5e98604632c081293568a9737f7a3,7149267,1628341567,2021-8-7 13:06,0x573eb907a833a4c6db79d6fb5c83b4e9fa48db8c,0x587840d85679dc6d9589052aa49625a783feaf30,,0,0,0,0.000155498,0.002200297,12.78,,
0x0b41ab76225407ed347aa9fe8f6181151e0cd6faf1a90cb64817b2a2aa8e6db9,7149267,1628341567,2021-8-7 13:06,0xde0db34692362ea17b1f80f8da944ec37667704d,0x587840d85679dc6d9589052aa49625a783feaf30,,0,0,0,0.000099963,0.001414476,12.78,,
0x0e63104f19e25a2c9a4ab9497acd9ecf3b79135bc4fb12e391768d39af885eb9,7149269,1628341573,2021-8-7 13:06,0xc0c28d604c8c2f7d5fe781b0b65a77c0b56caf98,0x587840d85679dc6d9589052aa49625a783feaf30,,0,0,0,0.000155498,0.002200297,12.78,,
0xdc352743431348856a9d5083ef902d77338fb0e845f7546a6c9295640f7ce7df,7149272,1628341582,2021-8-7 13:06,0x7753e68dba60d907e48f5ee768e4dec9223e2240,0x587840d85679dc6d9589052aa49625a783feaf30,,0,0,0,0.000099963,0.001414476,12.78,,
0x64bbfe7eda4ef22b4412640b59054eb023382e2522a8f89f526dd974dfcbaedc,7149273,1628341585,2021-8-7 13:06,0x8dd8632ba48b213cd4119227ae379e0979784e9d,0x587840d85679dc6d9589052aa49625a783feaf30,,0,0,0,0.000099963,0.001414476,12.78,,
0xb5fe0c2646ade1e0a0f45f16ecf516f5d055cd5de7a92201f67040017983878b,7149276,1628341594,2021-8-7 13:06,0x58563819046afd132f6d88a8a8b502431f894b9d,0x587840d85679dc6d9589052aa49625a783feaf30,,0,0,0,0.000155498,0.002200297,12.78,,
0xe8dc04a35cc87ca21c027492afdec88f1e19f2e51ebd30b8dce55b4686b1184d,7149277,1628341597,2021-8-7 13:06,0x8a8c88f9393e4a7f87f2fea2ee37ea93c9c1b872,0x587840d85679dc6d9589052aa49625a783feaf30,,0,0,0,0.000275101,0.003892676,12.78,,
0xf02da7ddf0386d188df9e34de5e5bb16e4aa5e25e31f8221b9ebabd2c59ea409,7149278,1628341600,2021-8-7 13:06,0x0b5ea561057e30507f231c85faed78c606968327,0x587840d85679dc6d9589052aa49625a783feaf30,,0,0,0,0.000099963,0.001414476,12.78,,
0xe20c7cfc8c133436b2a4f2cff7cd4270a9d288ac1a1d5d3ec84d934781544770,7149282,1628341612,2021-8-7 13:06,0x50c3de5030c66433a0008e25a2e8d8f4cf68d13d,0x587840d85679dc6d9589052aa49625a783feaf30,,0,0,0,0.00014217,0.0020117,12.78,,
0xd2898031776041e89144b5e1dcb6dc4c5982acdd29d3d8c1a608bf497cb3d523,7149286,1628341624,2021-8-7 13:07,0x8a8c88f9393e4a7f87f2fea2ee37ea93c9c1b872,0x587840d85679dc6d9589052aa49625a783feaf30,,0,0,0,0.000275074,0.003892294,12.78,,
0xa0331b17a8ae29185365d3155c51c223cf549a20a7ca995b5d67177d1df5d55e,7149289,1628341633,2021-8-7 13:07,0x12d3ac7e82b03073c4cf798d61af20e467da0458,0x587840d85679dc6d9589052aa49625a783feaf30,,0,0,0,0.000099963,0.001414476,12.78,,
0x354372ee410bd3479c57e22c1688f6ac1fe5b0fa28dabe4d893bbd0695e745f9,7149294,1628341648,2021-8-7 13:07,0x60fc5145fe63a734845c63f3bb377dc8a72ca0ae,0x587840d85679dc6d9589052aa49625a783feaf30,,0,0,0,0.000099963,0.001414476,12.78,,
0xc6a06432ce89b3227c97f71a6bd7540d92103f6c892df3e01f515f209d936e0a,7149296,1628341654,2021-8-7 13:07,0x8a8c88f9393e4a7f87f2fea2ee37ea93c9c1b872,0x587840d85679dc6d9589052aa49625a783feaf30,,0,0,0,0.000275128,0.003893058,12.78,,
0x83edde52aa28c2faa0569019578aca143fbac274b7332a7fe7f4705da5fb9bef,7149303,1628341675,2021-8-7 13:07,0x8a8c88f9393e4a7f87f2fea2ee37ea93c9c1b872,0x587840d85679dc6d9589052aa49625a783feaf30,,0,0,0,0.000241378,0.003415495,12.78,,
0x1428d0b5f980013541458a93d8f84401f43496e4e3eda1104553f02b61edccd5,7149310,1628341696,2021-8-7 13:08,0x8a8c88f9393e4a7f87f2fea2ee37ea93c9c1b872,0x587840d85679dc6d9589052aa49625a783feaf30,,0,0,0,0.000275101,0.003892676,12.78,,
0xd8d7e38e8072a932708c19befd5b3911e120962af2fc623278ad48733916b07b,7149339,1628341783,2021-8-7 13:09,0xf8d0953e7d7354e8194c46dfff959f64759e5d9d,0x587840d85679dc6d9589052aa49625a783feaf30,,0,0,0,0.000099963,0.001414476,12.78,,
0xb6b777c493b3cffcf932bd2dae3ac2357e04f2d6552fa3075090fed8d2819ba8,7149353,1628341825,2021-8-7 13:10,0x1fe14fef42778aa976ed49176c6a5084cd3e80ea,0x587840d85679dc6d9589052aa49625a783feaf30,,0,0,0,0.000099963,0.001414476,12.78,,
0x72407d39ce65da9289a0499186ea97ca5b475488793dcb2e76458e907a628999,7149354,1628341828,2021-8-7 13:10,0x6bf1cb0c5d9528ceb9ee242b17e6d9580d4d6c94,0x587840d85679dc6d9589052aa49625a783feaf30,,0,0,0,0.000155498,0.002200297,12.78,,
0x1732b7adf98f61f6d6481c9a8d984156f63cf8cfa8a456792c71759f0d1f7ae2,7149367,1628341867,2021-8-7 13:11,0xfae353e81c01e039f5b9ad76a881af32e26b7ecf,0x587840d85679dc6d9589052aa49625a783feaf30,,0,0,0,0.000099963,0.001414476,12.78,,
0x3e219b507353b59e6e6077e7b5c4bbef96663078c7513b4c44bd628527a895c8,7149368,1628341870,2021-8-7 13:11,0x8a8c88f9393e4a7f87f2fea2ee37ea93c9c1b872,0x587840d85679dc6d9589052aa49625a783feaf30,,0,0,0,0.000275128,0.003893058,12.78,,
0xa45677253ffe18a26988f97c08fe92187c8ec25fbd6773f9aeb94835bd189be7,7149376,1628341894,2021-8-7 13:11,0x7b1d6afe64d3812dfd7510a68afe3f587f1b2c99,0x587840d85679dc6d9589052aa49625a783feaf30,,0,0,0,0.000155498,0.002200297,12.78,,
0xcd244cdd90cb3deff23b18ecabbf1eb46f6b4755c2fd38b3a1787165389343b5,7149387,1628341927,2021-8-7 13:12,0xa9458163affeb6deea672c4a1f2a51248687990d,0x587840d85679dc6d9589052aa49625a783feaf30,,0,0,0,0.000275155,0.00389344,12.78,,
0x650ee98ade9322017671dc89dc9f5be7cf2075c40b03528861cc48f021db0f2b,7149398,1628341960,2021-8-7 13:12,0xcec80c43aacaf523c9fdd973c3a65c43cd165f01,0x587840d85679dc6d9589052aa49625a783feaf30,,0,0,0,0.000155498,0.002200297,12.78,,
0x81b9ccc5e2477b7025c9489f17a9a5028753f2964cae02440f2a6fba3b11d8f3,7149399,1628341963,2021-8-7 13:12,0xf4b2b23abd92789e58b6647fa9e5928ff1d31895,0x587840d85679dc6d9589052aa49625a783feaf30,,0,0,0,0.000099963,0.001414476,12.78,,
0x2a8856b7fb9486010b0b4f180c2411b3edadbcd83439b4ca5b9310ae3018a9b6,7149402,1628341972,2021-8-7 13:12,0xf4b2b23abd92789e58b6647fa9e5928ff1d31895,0x587840d85679dc6d9589052aa49625a783feaf30,,0,0,0,0.000056763,0.000803196,12.78,,
0x1d715d63e2270c228c0323862e4756748c35655160fb9afd8e05048e0a786d3d,7149402,1628341972,2021-8-7 13:12,0x90a28780548d4d8944287c1b93dac4a234123e62,0x587840d85679dc6d9589052aa49625a783feaf30,,0,0,0,0.000099963,0.001414476,12.78,,
0xeacb8f4e83842400cc4d0f8f7c7fe93e7d045b834c8804b956fd184801d750b0,7149415,1628342011,2021-8-7 13:13,0x94e8ff2ccf5f4de6bffc88e930b57eb3b988012e,0x587840d85679dc6d9589052aa49625a783feaf30,,0,0,0,0.000137727,0.001948834,12.78,,
0x9f1e13484c7baf8830f021d6fc60a4a3f3872e1f941e21e481294e9309882997,7149465,1628342161,2021-8-7 13:16,0x236480e2194421e866f09192e46c58908a1e9f78,0x587840d85679dc6d9589052aa49625a783feaf30,,0,0,0,0.000099963,0.001414476,12.78,,
0xdc938102f7127acd4e9448d16827ba5e479230011f7254aefc2debdedd6f9523,7149475,1628342191,2021-8-7 13:16,0x3dded615fc25e496cf7c630d24731a20eebe0aa4,0x587840d85679dc6d9589052aa49625a783feaf30,,0,0,0,0.000099963,0.001414476,12.78,,
0x86d73dcbee276828eea005bb34c7d7aebcdf493193cf1d62f35f00baacd4bf8c,7149516,1628342314,2021-8-7 13:18,0x8a989ffc10765520d5e856837d85553f0294a0da,0x587840d85679dc6d9589052aa49625a783feaf30,,0,0,0,0.000099963,0.001414476,12.78,,
0x911a318cee9e9fee750faa15b6fda0a69b0b4511df061f373cde88edf13db18a,7149540,1628342386,2021-8-7 13:19,0x7c8e16a4c288a9b30441df19f1265daf168f4d9d,0x587840d85679dc6d9589052aa49625a783feaf30,,0,0,0,0.000155498,0.002200297,12.78,,
0xd93b7cc87c8c748884403ebbd044947b534469a09a0f62b8868b04395cf5cc74,7149552,1628342422,2021-8-7 13:20,0x39c50deb0fa821f57070eeee0e846076618d6707,0x587840d85679dc6d9589052aa49625a783feaf30,,0,0,0,0.000099963,0.001414476,12.78,,
0x9f6b00dc767b02d12b1f939666e7b58d5c13278a6f7ff4b5e754b9774452b515,7149577,1628342497,2021-8-7 13:21,0xa9458163affeb6deea672c4a1f2a51248687990d,0x587840d85679dc6d9589052aa49625a783feaf30,,0,0,0,0.000099963,0.001414476,12.78,,
0x25df92e125219cac655dbc58b0ac2cdbde622c63048ba734895277c888610689,7149619,1628342623,2021-8-7 13:23,0x236480e2194421e866f09192e46c58908a1e9f78,0x587840d85679dc6d9589052aa49625a783feaf30,,0,0,0,0.000100017,0.001415241,12.78,,
0x0af6b67a7a7f0462397b44125632b33019ed6b4a9d305cc139b69ba02e5bb9c6,7149650,1628342716,2021-8-7 13:25,0x3f6cfa021a2feb284be3c38bd6ae1c89e38f779c,0x587840d85679dc6d9589052aa49625a783feaf30,,0,0,0,0.000099963,0.001414476,12.78,,
0xb330bd0a043dc3ed944b104850ce76c438aa4535e95bb98a3de2a29060eee28c,7149665,1628342761,2021-8-7 13:26,0xa93bd7a1445bd9c083038680d20084c90099c251,0x587840d85679dc6d9589052aa49625a783feaf30,,0,0,0,0.000155498,0.002200297,12.78,,
0xf66f776ef36ba418ccc0dd93615d542a6d84083a2e29d0a55775443bca2a0e4e,7149673,1628342785,2021-8-7 13:26,0xb907d42bff45dfd28356ab5490b6d29c09906a9e,0x587840d85679dc6d9589052aa49625a783feaf30,,0,0,0,0.000155498,0.002200297,12.78,,
0x6ec643dbe272c775217e1afba4635c7631f9f326ae06cf4e5f5845c65882dcea,7149700,1628342866,2021-8-7 13:27,0x8a8c88f9393e4a7f87f2fea2ee37ea93c9c1b872,0x587840d85679dc6d9589052aa49625a783feaf30,,0,0,0,0.000241324,0.003414731,12.78,,
0x1ecffe4321c70b8746e34a38fd6fdccc63d4c9e388822a6912e4dbbf1e61a147,7149711,1628342899,2021-8-7 13:28,0x8a8c88f9393e4a7f87f2fea2ee37ea93c9c1b872,0x587840d85679dc6d9589052aa49625a783feaf30,,0,0,0,0.000241351,0.003415113,12.78,,
0x7888f290cebbe290f738234050b360fe9413cdbd8b8cf4a9f9bb032dd97d2cd3,7149718,1628342920,2021-8-7 13:28,0x8a8c88f9393e4a7f87f2fea2ee37ea93c9c1b872,0x587840d85679dc6d9589052aa49625a783feaf30,,0,0,0,0.000241351,0.003415113,12.78,,
0x73006bf2a808b949fa5db25092166d3560b3e382523e07b21e59dad282269278,7149725,1628342941,2021-8-7 13:29,0x8a8c88f9393e4a7f87f2fea2ee37ea93c9c1b872,0x587840d85679dc6d9589052aa49625a783feaf30,,0,0,0,0.000241351,0.003415113,12.78,,
0x6c21b5be906467a66041575cf1c61dd6555a48fc8e10bf3172895752da511838,7149731,1628342959,2021-8-7 13:29,0x8a8c88f9393e4a7f87f2fea2ee37ea93c9c1b872,0x587840d85679dc6d9589052aa49625a783feaf30,,0,0,0,0.000241351,0.003415113,12.78,,
0xe335d9705fb7b34fffa5edbe76b03bf7146fbcca1af6ba8775a1a9c67e38683c,7149787,1628343127,2021-8-7 13:32,0x9d2853d46925735d7262b4d822d95afe2ecaa350,0x587840d85679dc6d9589052aa49625a783feaf30,,0,0,0,0.000099963,0.001414476,12.78,,
0x7ad486817db004f31f3f7db5864583e795825f82db8bfe51ba56d05e9941e84d,7149822,1628343232,2021-8-7 13:33,0xebe94247a6535cd582c6746f7c069cd9b6faa91e,0x587840d85679dc6d9589052aa49625a783feaf30,,0,0,0,0.000099963,0.001414476,12.78,,
0x8eb1918e20b477c146635354b6c031e30c853d566218afb7f98ba0b1876170cb,7149833,1628343265,2021-8-7 13:34,0x2cdc2ef73ff79ab604b108d111069bfee056ddd8,0x587840d85679dc6d9589052aa49625a783feaf30,,0,0,0,0.000099963,0.001414476,12.78,,
0x1744e783ace5312e4a966a9feb34a8411a9699e163502a7f8bbc1190ab11460f,7149860,1628343346,2021-8-7 13:35,0x03f80ab9e0993969b1b6cf6d6d624866d7b9d148,0x587840d85679dc6d9589052aa49625a783feaf30,,0,0,0,0.000099963,0.001414476,12.78,,
0xa61e3d8587d6fba02f6d9f3a6d555405ef07d96331d1d3ec1681bc96579a45c6,7149924,1628343538,2021-8-7 13:38,0x8a8c88f9393e4a7f87f2fea2ee37ea93c9c1b872,0x587840d85679dc6d9589052aa49625a783feaf30,,0,0,0,0.000241351,0.003415113,12.78,,
0x80d830abf1b48b62e7bb1c56fde38541bbbf848f609db764f5086969600a042a,7149926,1628343544,2021-8-7 13:39,0x83404de5289981ecd59504975feea1a246316fe0,0x587840d85679dc6d9589052aa49625a783feaf30,,0,0,0,0.000155498,0.002200297,12.78,,
0x5809d4cdb7affcfe81de1de29e18980f5f2d98a1c412379b6a0526e43a4a5fba,7150055,1628343931,2021-8-7 13:45,0x4c45e72e8f6b02e835209155035689f886173272,0x587840d85679dc6d9589052aa49625a783feaf30,,0,0,0,0.000155498,0.002200297,12.78,,
0x9b862d6d949d2619868f193a994c2c1aac08f7230ff1027694e260dbab6ad8ac,7150166,1628344264,2021-8-7 13:51,0xfe9593d43d12a35344b602cd804386ee00f85e44,0x587840d85679dc6d9589052aa49625a783feaf30,,0,0,0,0.000155498,0.002200297,12.78,,
0x35b58d261f39060fad914d618f4ef539d48d0b302ca9dd597b51b217692bb9ef,7150246,1628344504,2021-8-7 13:55,0xb89912bec50fbb554b8e347634c7375e1d42bfbd,0x587840d85679dc6d9589052aa49625a783feaf30,,0,0,0,0.000155498,0.002200297,12.78,,
0x49252f9229679aed0a7b47ae7fd2e8185d15f9c511a121ced610367d7ba3ae8c,7150467,1628345167,2021-8-7 14:06,0x236480e2194421e866f09192e46c58908a1e9f78,0x587840d85679dc6d9589052aa49625a783feaf30,,0,0,0,0.000275128,0.003893058,12.78,,
0x58e1259f1858e641768c1a3f9b55f63b3e9fe8a0897e6cc71b7d53eee6101138,7150512,1628345302,2021-8-7 14:08,0xc8bcf3c53bc7e0eb8e0bcf79a6edd7d7b7277f20,0x587840d85679dc6d9589052aa49625a783feaf30,,0,0,0,0.000099963,0.001414476,12.78,,
0xf58f3ae52a8d1ed388918f256bdce62623c7e487e66cc28872c562dea92af641,7150530,1628345356,2021-8-7 14:09,0x4cc48d9b58ea4d095c6dac86c8aba419a100d9f6,0x587840d85679dc6d9589052aa49625a783feaf30,,0,0,0,0.000275101,0.003892676,12.78,,
0x4e8e074faaa0683c82d2a1b8b1991b0dd7472e3b6ca956deef8d414a5452dd48,7150539,1628345383,2021-8-7 14:09,0x4cc48d9b58ea4d095c6dac86c8aba419a100d9f6,0x587840d85679dc6d9589052aa49625a783feaf30,,0,0,0,0.000241324,0.003414731,12.78,,
0x4c56feb44084c27a1cfcc2854f2f19721fafaca11d3a8b9b6b0bea807cb8c7ab,7150544,1628345398,2021-8-7 14:09,0x4cc48d9b58ea4d095c6dac86c8aba419a100d9f6,0x587840d85679dc6d9589052aa49625a783feaf30,,0,0,0,0.000275074,0.003892294,12.78,,
0x9107420247db846182ab93a2b88171c3a3f350792e18e074a6c008f55caf5505,7150618,1628345620,2021-8-7 14:13,0x4cc48d9b58ea4d095c6dac86c8aba419a100d9f6,0x587840d85679dc6d9589052aa49625a783feaf30,,0,0,0,0.00118667,0.016791384,12.78,,
0xf02916d84b2f6fd5c119c26091a2bfbf371cdc8cbada59834e735eebd311370c,7150757,1628346037,2021-8-7 14:20,0x881ec18a3f711ec848303cc699eddb2e1d7a6085,0x587840d85679dc6d9589052aa49625a783feaf30,,0,0,0,0.000099963,0.001414476,12.78,,
0xb19cf7bd0ccf8411cb293e8318f7d7c390afffe6b523467a7bb2a3a881c26fb4,7150879,1628346403,2021-8-7 14:26,0x4be9078f87ae753c13d4ec5a9f33b1af2399a5ca,0x587840d85679dc6d9589052aa49625a783feaf30,,0,0,0,0.000155498,0.002200297,12.78,,
0xe8ed3a8b35827c8550e48ce4a7fb8d16aa160048880042528ccf04284700dcaa,7150998,1628346760,2021-8-7 14:32,0xd350be3fab64987b5a3382fa15ae110703fea52e,0x587840d85679dc6d9589052aa49625a783feaf30,,0,0,0,0.000155498,0.002200297,12.78,,
0x64cbe5ecbe66f7e65d220e5233d2ea9d4abceb4e5085fcb3f707a5befa1bddba,7151111,1628347099,2021-8-7 14:38,0x4cc48d9b58ea4d095c6dac86c8aba419a100d9f6,0x587840d85679dc6d9589052aa49625a783feaf30,,0,0,0,0.000241351,0.003415113,12.78,,
0x5a9086a492d749e07b5ae90ee70642bc9b08d315d7e3cfce65669bfbc231cb96,7151173,1628347285,2021-8-7 14:41,0x87cf4c84337aa9ebc7de6305b80e2701b5672b02,0x587840d85679dc6d9589052aa49625a783feaf30,,0,0,0,0.001186643,0.016791002,12.78,,
0x9b250bccd2ac0d91a040b25dbbe5a219b52f37fa3ab07f60e58a56f17e5cec8d,7151183,1628347315,2021-8-7 14:41,0x87cf4c84337aa9ebc7de6305b80e2701b5672b02,0x587840d85679dc6d9589052aa49625a783feaf30,,0,0,0,0.000275047,0.003891912,12.78,,
0x4b9910a8f6bf7693a7877a8e4766b4ff7733d19a3919672d50a93c549fce6b02,7151194,1628347348,2021-8-7 14:42,0x87cf4c84337aa9ebc7de6305b80e2701b5672b02,0x587840d85679dc6d9589052aa49625a783feaf30,,0,0,0,0.000275047,0.003891912,12.78,,
0xea7476d0dd82a1fa02d80d4ba13ac82c8b35ad6927dd782b03dbb93f93dc487e,7151202,1628347372,2021-8-7 14:42,0x87cf4c84337aa9ebc7de6305b80e2701b5672b02,0x587840d85679dc6d9589052aa49625a783feaf30,,0,0,0,0.000275047,0.003891912,12.78,,
0x08e7b8b63bf24a1a0b984e1bebda537994249277eadfbdb8b7820b8d8880bb30,7151212,1628347402,2021-8-7 14:43,0x87cf4c84337aa9ebc7de6305b80e2701b5672b02,0x587840d85679dc6d9589052aa49625a783feaf30,,0,0,0,0.000275047,0.003891912,12.78,,
0x576ceae35ec763f078c1176bee7086e7792128dddccf5f0d7214333274a70b1c,7151226,1628347444,2021-8-7 14:44,0x87cf4c84337aa9ebc7de6305b80e2701b5672b02,0x587840d85679dc6d9589052aa49625a783feaf30,,0,0,0,0.00027502,0.003891529,12.78,,
0xc6d560551bfabee89eb38625aa025281c72af62f0386759ae3f3beae05a7aa10,7151235,1628347471,2021-8-7 14:44,0x87cf4c84337aa9ebc7de6305b80e2701b5672b02,0x587840d85679dc6d9589052aa49625a783feaf30,,0,0,0,0.00027502,0.003891529,12.78,,
0x30afa86f7aac4ff90b95f29a6a341ab55d212c09d99d950bbe67e5dce2d5fa7e,7151243,1628347495,2021-8-7 14:44,0x87cf4c84337aa9ebc7de6305b80e2701b5672b02,0x587840d85679dc6d9589052aa49625a783feaf30,,0,0,0,0.000275047,0.003891912,12.78,,
0xdd0bde27c4b91db0ac958c0032cefea5998f90bd21a79a1e215ae529fb2e52eb,7151248,1628347510,2021-8-7 14:45,0x507d4dc7eceee321401abae2ba5fb1edac360c81,0x587840d85679dc6d9589052aa49625a783feaf30,,0,0,0,0.000155498,0.002200297,12.78,,
0xbc5365f80f60017405218ac9b1681a627ba3f2b3c3fd04512fa3f7f599575346,7151251,1628347519,2021-8-7 14:45,0x87cf4c84337aa9ebc7de6305b80e2701b5672b02,0x587840d85679dc6d9589052aa49625a783feaf30,,0,0,0,0.000275047,0.003891912,12.78,,
0x6c8ff6076ca6392fd348f3605e7ed147f956f74abda9ef63228f439d54f26270,7151260,1628347546,2021-8-7 14:45,0x87cf4c84337aa9ebc7de6305b80e2701b5672b02,0x587840d85679dc6d9589052aa49625a783feaf30,,0,0,0,0.000275047,0.003891912,12.78,,
0x7fe63ceeaf65fc08117966450b629653dbdb668d8e8fde43d9fafd174732b4a1,7151268,1628347570,2021-8-7 14:46,0x87cf4c84337aa9ebc7de6305b80e2701b5672b02,0x587840d85679dc6d9589052aa49625a783feaf30,,0,0,0,0.000275047,0.003891912,12.78,,
0x9f68732a59832fbc790e50c19257dc2b58b234e347bb8ffb5fe50b432e3aa16c,7151279,1628347603,2021-8-7 14:46,0x87cf4c84337aa9ebc7de6305b80e2701b5672b02,0x587840d85679dc6d9589052aa49625a783feaf30,,0,0,0,0.000275047,0.003891912,12.78,,
0x32764fc54a373b57f54097cc9d0da9e9f5f139c597161170b1299b49f488b73f,7151287,1628347627,2021-8-7 14:47,0x87cf4c84337aa9ebc7de6305b80e2701b5672b02,0x587840d85679dc6d9589052aa49625a783feaf30,,0,0,0,0.000275047,0.003891912,12.78,,
0x123b528d898c62e5a51f4ff4f2eed6194922c07b4748f329da30f7196839854a,7151313,1628347705,2021-8-7 14:48,0x87cf4c84337aa9ebc7de6305b80e2701b5672b02,0x587840d85679dc6d9589052aa49625a783feaf30,,0,0,0,0.000275047,0.003891912,12.78,,
0xff7ac693772adcb0be9420a74b695553a704adb8c484b70a4f62ca5e74373647,7151324,1628347738,2021-8-7 14:48,0x87cf4c84337aa9ebc7de6305b80e2701b5672b02,0x587840d85679dc6d9589052aa49625a783feaf30,,0,0,0,0.000275047,0.003891912,12.78,,
0x2da057c66f73d5b69018229ab3dc6142290a2de62394c76f4decf5089af00e6d,7151331,1628347759,2021-8-7 14:49,0x87cf4c84337aa9ebc7de6305b80e2701b5672b02,0x587840d85679dc6d9589052aa49625a783feaf30,,0,0,0,0.000275047,0.003891912,12.78,,
0xab363c9396efef317fe147aa1674460ed150701397d2729a5701fd36068d1f08,7151341,1628347789,2021-8-7 14:49,0x87cf4c84337aa9ebc7de6305b80e2701b5672b02,0x587840d85679dc6d9589052aa49625a783feaf30,,0,0,0,0.000275047,0.003891912,12.78,,
0xf77060b8439a9dcb19bd3e9d2e76deb1fd8bd5cbce1a0691fc78fda7ff63570e,7151366,1628347864,2021-8-7 14:51,0x87cf4c84337aa9ebc7de6305b80e2701b5672b02,0x587840d85679dc6d9589052aa49625a783feaf30,,0,0,0,0.000241297,0.003414349,12.78,,
0x69c87a2334072da8ba5329dd12bf5cb8c6be219343a984a6eaf19119b14f4d99,7151378,1628347900,2021-8-7 14:51,0x87cf4c84337aa9ebc7de6305b80e2701b5672b02,0x587840d85679dc6d9589052aa49625a783feaf30,,0,0,0,0.000275047,0.003891912,12.78,,
0x1f76732782a3f7498fe8c2b00ec1ee330ccb0ccda8153bdf9121a34f5815cb87,7151389,1628347933,2021-8-7 14:52,0x87cf4c84337aa9ebc7de6305b80e2701b5672b02,0x587840d85679dc6d9589052aa49625a783feaf30,,0,0,0,0.000275047,0.003891912,12.78,,
0x5305c8b072c8dbf5a17afaf08ecfe64341d277fb203682c8da958258b64f4273,7151390,1628347936,2021-8-7 14:52,0x034feb58ba8222a252367e50f663182998c149c9,0x587840d85679dc6d9589052aa49625a783feaf30,,0,0,0,0.000155498,0.002200297,12.78,,
0x8db857838a1210023bdbb72639c1c719f333b1cdd5193d99c3c21f1c5b6026f8,7151397,1628347957,2021-8-7 14:52,0x87cf4c84337aa9ebc7de6305b80e2701b5672b02,0x587840d85679dc6d9589052aa49625a783feaf30,,0,0,0,0.000275047,0.003891912,12.78,,
0xc737ef9e293d73fdeecb1d376474c1a3afaae1c29621f2af510461394af9439f,7151406,1628347984,2021-8-7 14:53,0x87cf4c84337aa9ebc7de6305b80e2701b5672b02,0x587840d85679dc6d9589052aa49625a783feaf30,,0,0,0,0.00027502,0.003891529,12.78,,
0x2b4df178f4cd86b78c16e7af43f9e538056bdbdb084927146358584269cb4698,7151414,1628348008,2021-8-7 14:53,0x87cf4c84337aa9ebc7de6305b80e2701b5672b02,0x587840d85679dc6d9589052aa49625a783feaf30,,0,0,0,0.00027502,0.003891529,12.78,,
0x79e468ceb4ae9693a32cac74a3278c278eceaab12c1e7113692d9122a7df29de,7151415,1628348011,2021-8-7 14:53,0x68e9f97b4e9c001cf5158faa9424277f04acc71a,0x587840d85679dc6d9589052aa49625a783feaf30,,0,0,0,0.000099963,0.001414476,12.78,,
0x4c11f3111895b05e4786294c9da0e081ab2532bf46dd50c3be554dfbe55ce48e,7151421,1628348029,2021-8-7 14:53,0x87cf4c84337aa9ebc7de6305b80e2701b5672b02,0x587840d85679dc6d9589052aa49625a783feaf30,,0,0,0,0.000275047,0.003891912,12.78,,
0xf0d12d2d8a9f8e54b38b3626d6b1b344874b4de9e71ff2593d2973e8f2abb969,7151426,1628348044,2021-8-7 14:54,0x2899bc2497372ccda02253ee18bc40813215e17e,0x587840d85679dc6d9589052aa49625a783feaf30,,0,0,0,0.000099963,0.001414476,12.78,,
0x5ba441c88807e2f1805f5b83dfd1b343f5d9605c1f01712053603bbd82ce722b,7151428,1628348050,2021-8-7 14:54,0x87cf4c84337aa9ebc7de6305b80e2701b5672b02,0x587840d85679dc6d9589052aa49625a783feaf30,,0,0,0,0.000275047,0.003891912,12.78,,
0x8dff3deb0ef79853c3505b3da8a32391ce87033e7af7266de620b905adc77399,7151431,1628348059,2021-8-7 14:54,0x4cc48d9b58ea4d095c6dac86c8aba419a100d9f6,0x587840d85679dc6d9589052aa49625a783feaf30,,0,0,0,0.000099963,0.001414476,12.78,,
0xe1a1b58138b94b032e33669067e54a5f72e91532e3723df7bc03d516d041cb2c,7151435,1628348071,2021-8-7 14:54,0x87cf4c84337aa9ebc7de6305b80e2701b5672b02,0x587840d85679dc6d9589052aa49625a783feaf30,,0,0,0,0.000241297,0.003414349,12.78,,
0xd5f21e94b24de0604d78c5ce994b9af005c0d25fcf33dd4e8cd1384d25656d18,7151441,1628348089,2021-8-7 14:54,0x87cf4c84337aa9ebc7de6305b80e2701b5672b02,0x587840d85679dc6d9589052aa49625a783feaf30,,0,0,0,0.000275047,0.003891912,12.78,,
0x6f94a4bc1bcec3b1ab007e1614fc2c6597b3a561b50b104a9918406d49f6e263,7151448,1628348110,2021-8-7 14:55,0x87cf4c84337aa9ebc7de6305b80e2701b5672b02,0x587840d85679dc6d9589052aa49625a783feaf30,,0,0,0,0.000275047,0.003891912,12.78,,
0xae0a90b54fa4d62f276d6206c635ead9917d9147506dc3be1c45eb6ef9a7df99,7151455,1628348131,2021-8-7 14:55,0x87cf4c84337aa9ebc7de6305b80e2701b5672b02,0x587840d85679dc6d9589052aa49625a783feaf30,,0,0,0,0.000275047,0.003891912,12.78,,
0x52db8c4ccef261af12087498094cd39d3765e5f9469279d23365c122d4e7f622,7151462,1628348152,2021-8-7 14:55,0x87cf4c84337aa9ebc7de6305b80e2701b5672b02,0x587840d85679dc6d9589052aa49625a783feaf30,,0,0,0,0.000275047,0.003891912,12.78,,
0xad6d672cf2c3741ce3d812f847092d2972b13d2eb447109dad4c1f7b7ad6a8c9,7151468,1628348170,2021-8-7 14:56,0x87cf4c84337aa9ebc7de6305b80e2701b5672b02,0x587840d85679dc6d9589052aa49625a783feaf30,,0,0,0,0.00027502,0.003891529,12.78,,
0x38c56ac7d497a6f55c72155ad6f14bb5a16d94f58c51cc0e0f2dfeb1c994413d,7151475,1628348191,2021-8-7 14:56,0x87cf4c84337aa9ebc7de6305b80e2701b5672b02,0x587840d85679dc6d9589052aa49625a783feaf30,,0,0,0,0.000275047,0.003891912,12.78,,
0x196141173348b19a9892fbdaa080d6ba67b53582032a28a2c02f4e1a5ad139a7,7151484,1628348218,2021-8-7 14:56,0x87cf4c84337aa9ebc7de6305b80e2701b5672b02,0x587840d85679dc6d9589052aa49625a783feaf30,,0,0,0,0.000275047,0.003891912,12.78,,
0x7e9e488dfaa46c26ed42f83bea201577567098e35d5247553b34a337e0a28e40,7151490,1628348236,2021-8-7 14:57,0x87cf4c84337aa9ebc7de6305b80e2701b5672b02,0x587840d85679dc6d9589052aa49625a783feaf30,,0,0,0,0.000275047,0.003891912,12.78,,
0x895fff29946b028bb19696c40756712d07cea634906e1538ad7aa38a41024290,7151538,1628348380,2021-8-7 14:59,0x87cf4c84337aa9ebc7de6305b80e2701b5672b02,0x587840d85679dc6d9589052aa49625a783feaf30,,0,0,0,0.000275047,0.003891912,12.78,,
0x413808ad9aa9faa4c765e94717063fa0f2157ae909ade1855e70f573deaed288,7151568,1628348470,2021-8-7 15:01,0x87cf4c84337aa9ebc7de6305b80e2701b5672b02,0x587840d85679dc6d9589052aa49625a783feaf30,,0,0,0,0.00027502,0.003891529,12.78,,
0x2f630a3d674292491388c4cf3e1d0b68dd920229e0a9fca99788d4b2fdaec9c7,7151576,1628348494,2021-8-7 15:01,0x87cf4c84337aa9ebc7de6305b80e2701b5672b02,0x587840d85679dc6d9589052aa49625a783feaf30,,0,0,0,0.000275047,0.003891912,12.78,,
0xdd01ff0115e54ba602102dff0f7c17edced4477556dbad850aeb93b8e2d73448,7151585,1628348521,2021-8-7 15:02,0x87cf4c84337aa9ebc7de6305b80e2701b5672b02,0x587840d85679dc6d9589052aa49625a783feaf30,,0,0,0,0.000275047,0.003891912,12.78,,
0x6aa86edb78505d5c33bff410fdaf3df79a09e96a73cd82e89bc82cd379cc153d,7151604,1628348578,2021-8-7 15:02,0x87cf4c84337aa9ebc7de6305b80e2701b5672b02,0x587840d85679dc6d9589052aa49625a783feaf30,,0,0,0,0.00027502,0.003891529,12.78,,
0xb5889098fabba8e4bf9489d3efaa2ee329cda5695a7e59cc33e9b818e68922bb,7151612,1628348602,2021-8-7 15:03,0x87cf4c84337aa9ebc7de6305b80e2701b5672b02,0x587840d85679dc6d9589052aa49625a783feaf30,,0,0,0,0.000275047,0.003891912,12.78,,
0xb7794b019339d6ae0cc8e212ac19b4225c6d7dad95b05aa3f797460e5efe2b7a,7151622,1628348632,2021-8-7 15:03,0x87cf4c84337aa9ebc7de6305b80e2701b5672b02,0x587840d85679dc6d9589052aa49625a783feaf30,,0,0,0,0.000275047,0.003891912,12.78,,
0x21e2b11d03793fc163190ae0470cbea5550cfcdd2a8408e86345c2d71774d444,7151629,1628348653,2021-8-7 15:04,0x87cf4c84337aa9ebc7de6305b80e2701b5672b02,0x587840d85679dc6d9589052aa49625a783feaf30,,0,0,0,0.000275047,0.003891912,12.78,,
0x9e5b773b480d7299add3e09b07e589f6fc3e71b47ed427085a202a1bccd9fdd5,7151637,1628348677,2021-8-7 15:04,0x87cf4c84337aa9ebc7de6305b80e2701b5672b02,0x587840d85679dc6d9589052aa49625a783feaf30,,0,0,0,0.00027502,0.003891529,12.78,,
0x43e14aa300e509096cdf6962ad04d8690a437ea48c4251359b0acf377baed466,7151643,1628348695,2021-8-7 15:04,0x87cf4c84337aa9ebc7de6305b80e2701b5672b02,0x587840d85679dc6d9589052aa49625a783feaf30,,0,0,0,0.000275047,0.003891912,12.78,,
0x9ce4581d79c7afd4114eb0c7e08d530ec4abda3104e90b5f8e9ef913280ab71e,7151654,1628348728,2021-8-7 15:05,0x87cf4c84337aa9ebc7de6305b80e2701b5672b02,0x587840d85679dc6d9589052aa49625a783feaf30,,0,0,0,0.000275047,0.003891912,12.78,,
0x79ffebdc730407e067f205aac780c9db105928d9e031f19751b37426da0dd26f,7151842,1628349292,2021-8-7 15:14,0x02b2e143deea707cb3f3722d4d84603a5d31866d,0x587840d85679dc6d9589052aa49625a783feaf30,,0,0,0,0.000155498,0.002200297,12.78,,
0x17ec5fbcc224836848646da1723d5ce74c21ee49508be8c5af607f754db2a82e,7151916,1628349514,2021-8-7 15:18,0xa879fff692ba2a410db8e4d3600919bd793d81f3,0x587840d85679dc6d9589052aa49625a783feaf30,,0,0,0,0.000100017,0.001415241,12.78,,
0x65b2eec4f62ac797a80d8ff3160e3dd8b5411f02ca1cbc439079b5969761511b,7152015,1628349811,2021-8-7 15:23,0x30df49f66f23a75f66fa953ec35476cc1db4d41d,0x587840d85679dc6d9589052aa49625a783feaf30,,0,0,0,0.000155498,0.002200297,12.78,,
0x7a9ed202e5abf68a528f95e139737ea3a8e9d6fc2f47bb9cb1635e8231976957,7152178,1628350300,2021-8-7 15:31,0x2275eb29257b95338c499cb70d7a69f5ad905633,0x587840d85679dc6d9589052aa49625a783feaf30,,0,0,0,0.000155498,0.002200297,12.78,,
0x04f0e175a543c56b2bc0a75ab7b18e965c1cc51bc7993806a62e946d628407ab,7152976,1628352694,2021-8-7 16:11,0x1b1e5b28e29c4c12e71ddac1e7430cc8d6bd52dc,0x587840d85679dc6d9589052aa49625a783feaf30,,0,0,0,0.000099963,0.001414476,12.78,,
0x3b1973b7163867b91b82c109fb8f3b1bd6ddeaeace3c887462419e229be3dab7,7152998,1628352760,2021-8-7 16:12,0x8a8c88f9393e4a7f87f2fea2ee37ea93c9c1b872,0x587840d85679dc6d9589052aa49625a783feaf30,,0,0,0,0.000275101,0.003892676,12.78,,
0x1eed11ffbcbf3681fdd3f8ba883d99957beb71537757e1c91ec3bb704cee9632,7153092,1628353042,2021-8-7 16:17,0x87cf4c84337aa9ebc7de6305b80e2701b5672b02,0x587840d85679dc6d9589052aa49625a783feaf30,,0,0,0,0.000106354,0.001504905,12.78,,
0x88c52d3751f70cfc5959d1ac48f13600f4c5c23b5e81fd14f6473194225765d4,7154649,1628357713,2021-8-7 17:35,0x4ee49468a767b534e81b456a493c5229213dfe1a,0x587840d85679dc6d9589052aa49625a783feaf30,,0,0,0,0.000099963,0.001414476,12.78,,
0x93be6774e5759700914940e9c22647d797f40e09645f342611e337ddae13207d,7162389,1628380933,2021-8-8 0:02,0x78083ae10de2d11adcaf15141d6320f5222f43d4,0x587840d85679dc6d9589052aa49625a783feaf30,,0,0,0,0.000099963,0.001414476,12.17,,
0xb77a580a51bb5289a52281e35ca3a251651cc12df34fbc38266439b7f8433cb6,7162887,1628382427,2021-8-8 0:27,0x0d7bec33a7a5dac5614e854e6bfe83234daaaed7,0x587840d85679dc6d9589052aa49625a783feaf30,,0,0,0,0.000155498,0.002200297,12.17,,
0x8e3d8d556ecb78ac619d6a3656402fc198397ab6b2621496f8267dd85d44307e,7163144,1628383198,2021-8-8 0:39,0xfaf84d39fe9b74fee998c1d5e01ca062f677aeed,0x587840d85679dc6d9589052aa49625a783feaf30,,0,0,0,0.000099963,0.001414476,12.17,,
0x41481c8f683df7cfa28c7316149ef8284832f382abf839cbfe7e77bcf6b836c0,7164000,1628385766,2021-8-8 1:22,0x3134384a47be3aeb65aa58d5ec1f34eddf6f8dc1,0x587840d85679dc6d9589052aa49625a783feaf30,,0,0,0,0.000099963,0.001414476,12.17,,
0xd353f2cd4b3955ccdf427bd0ecafb36ae7eb9a923c52c04ed6855321fffa7d12,7164228,1628386450,2021-8-8 1:34,0xcf7bae64490c46af659efc65a1394ec9245b8fe2,0x587840d85679dc6d9589052aa49625a783feaf30,,0,0,0,0.000155498,0.002200297,12.17,,
0x67cb5a5d726b7726c90eb9a650329c70fa42a3461da50f3ac31bb0c8442eb7c0,7164474,1628387188,2021-8-8 1:46,0xa95eca603eb3ef89cdf7bfd9f82d9890dae15641,0x587840d85679dc6d9589052aa49625a783feaf30,,0,0,0,0.000155498,0.002200297,12.17,,
0x636e268721eb011cae4c22f12e2c3df4c9b23cb19f3518517fbe913fd4268259,7166523,1628393335,2021-8-8 3:28,0xcbc02ee06f59b0aa05c38ad80369eb6dbea7d483,0x587840d85679dc6d9589052aa49625a783feaf30,,0,0,0,0.000099963,0.001414476,12.17,,
0xb235c684afe78db4e8051c333778d9e4a8de8acf25e9811a8fb7f2d5fe3bd867,7167652,1628396722,2021-8-8 4:25,0x3047ef8d35aa330fed84ee86a75f38a8728f2fd5,0x587840d85679dc6d9589052aa49625a783feaf30,,0,0,0,6.91245E-05,0.000978112,12.17,,
0xf57e28654967e227df6b00bba57ecb4605019992d5e079c1d8949afd16f59e1c,7168749,1628400013,2021-8-8 5:20,0x33e9a890a0287d0c173c49a18e64b263b2aa87b8,0x587840d85679dc6d9589052aa49625a783feaf30,,0,0,0,0.000275101,0.003892676,12.17,,
0xc1719b299961ddd79d4716d717f40da63fd018483aacd1b011b00271b27d5aff,7169648,1628402710,2021-8-8 6:05,0x236480e2194421e866f09192e46c58908a1e9f78,0x587840d85679dc6d9589052aa49625a783feaf30,,0,0,0,0.000275155,0.00389344,12.17,,
0x8ecdf18bd2349c94b856ec9c444544af852d8320d017fa7aa7451ed60328ddbd,7169684,1628402818,2021-8-8 6:06,0xe1661e242cfd8892d26a6136ecce46a8464fccf2,0x587840d85679dc6d9589052aa49625a783feaf30,,0,0,0,0.000275047,0.003891912,12.17,,
0x162011781ec95219a66a0c3c3b5b98ce6afc823cb30b186f3a1361b8fed86f28,7169857,1628403337,2021-8-8 6:15,0x55e845476cb18a4b2864989fa8b50c411f99d8b7,0x587840d85679dc6d9589052aa49625a783feaf30,,0,0,0,0.000155498,0.002200297,12.17,,
0x1c83b787ea06d4dacaadcd165eb74bcfc3fc74904556fabc4f4aa18e40dca564,7171372,1628407882,2021-8-8 7:31,0xe1661e242cfd8892d26a6136ecce46a8464fccf2,0x587840d85679dc6d9589052aa49625a783feaf30,,0,0,0,0.000241324,0.003414731,12.17,,
0xbf284b663028efc676712ab8abeb07d9861e08babbbec12c18f0cc7449bab927,7172788,1628412130,2021-8-8 8:42,0x9ebd1ff3454d80492b8abc163d8c8ba9591fd2ab,0x587840d85679dc6d9589052aa49625a783feaf30,,0,0,0,0.000099963,0.001414476,12.17,,
0x2e1d3a3cac0d710f9737585f80e6edd6b0b3ba34db48e757e54bb64dc5b4b476,7173920,1628415526,2021-8-8 9:38,0xb189d848741151588a70327e8531ebd5778e6c96,0x587840d85679dc6d9589052aa49625a783feaf30,,0,0,0,0.000155498,0.002200297,12.17,,
0xc3f6df1cf7004bd0ca745033e567266d3a9d23305e38c5b3a3e8d5fc8c1e8992,7174337,1628416777,2021-8-8 9:59,0x8a8c88f9393e4a7f87f2fea2ee37ea93c9c1b872,0x587840d85679dc6d9589052aa49625a783feaf30,,0,0,0,0.000241351,0.003415113,12.17,,
0x367fdbe88824e4dff684cb3433b5f6a9a8d2545a71435dc4ceaee503f7e26ee7,7174347,1628416807,2021-8-8 10:00,0x8a8c88f9393e4a7f87f2fea2ee37ea93c9c1b872,0x587840d85679dc6d9589052aa49625a783feaf30,,0,0,0,0.000241351,0.003415113,12.17,,
0xcd1711725200f80143dbae74ce7e0f844b77085956c0bac6eb9f86175b53edd8,7174361,1628416849,2021-8-8 10:00,0x8a8c88f9393e4a7f87f2fea2ee37ea93c9c1b872,0x587840d85679dc6d9589052aa49625a783feaf30,,0,0,0,0.000241351,0.003415113,12.17,,
0x3df244d7c9fa13c2df9fac86c047f29540bd1cd664bdfcbede798f500a60a414,7174380,1628416906,2021-8-8 10:01,0x8a8c88f9393e4a7f87f2fea2ee37ea93c9c1b872,0x587840d85679dc6d9589052aa49625a783feaf30,,0,0,0,0.000241351,0.003415113,12.17,,
0x1b3339cf748cbb12e86b661da51af82534a9250a21f280198543dcb357a4ae1f,7174538,1628417380,2021-8-8 10:09,0x71a889381a43f87bf3567662fc76b0b87aefb6d9,0x587840d85679dc6d9589052aa49625a783feaf30,,0,0,0,0.000099963,0.001414476,12.17,,
0x73d6d97758ff230ffa8b52051d083d1822db831ee106ff3fba30170ac694351b,7174603,1628417575,2021-8-8 10:12,0x1d97cb1e1deff1df997f70253371acdbfe1deb72,0x587840d85679dc6d9589052aa49625a783feaf30,,0,0,0,0.00014217,0.0020117,12.17,,
0xc2397964f22502190f7616711ae3212772240f3df7d3985bf143248d304ad92a,7174744,1628417998,2021-8-8 10:19,0x948460afe0f60c0156135bba9b6b83124feb1faf,0x587840d85679dc6d9589052aa49625a783feaf30,,0,0,0,0.000155498,0.002200297,12.17,,
0xd0d7bc11eef3eb5d9d08af3e8382ecd4721329140576b0dfddc0a7799e562afc,7175927,1628421547,2021-8-8 11:19,0xf7c2e95ef7844ec08ebb219c3bb9fe09d1f98787,0x587840d85679dc6d9589052aa49625a783feaf30,,0,0,0,0.00014217,0.0020117,12.17,,
0x20790419c4f509e1578baadc023aaaac27825c29ceb82eb466883c3ebfa6e21f,7175938,1628421580,2021-8-8 11:19,0x503e2f331a8f86d45c95d4912b1b5306e6aeef10,0x587840d85679dc6d9589052aa49625a783feaf30,,0,0,0,0.000155498,0.002200297,12.17,,
0x7576f56eedaabdbbfff1d5289970cd739bffafd154a48262dbb460509caf8f1f,7176100,1628422066,2021-8-8 11:27,0xb3f0504b1aa3702955c09f93417ca0b0861ad415,0x587840d85679dc6d9589052aa49625a783feaf30,,0,0,0,0.000155498,0.002200297,12.17,,
0x4794893dbb0606e6aae05eee9022b16d7459b0f885b2abc139775ef804de4cab,7177165,1628425261,2021-8-8 12:21,0x41353ae5161ca9c405edf0e8ffe42e02241e1739,0x587840d85679dc6d9589052aa49625a783feaf30,,0,0,0,0.000155498,0.002200297,12.17,,
0x50f93c942650b74413b978a365f9810444de74e3283cb8c6e2f4539837b0b705,7177208,1628425390,2021-8-8 12:23,0xd9d878c2cf275507dabbf771e824beb9f87d4855,0x587840d85679dc6d9589052aa49625a783feaf30,,0,0,0,0.000115513,0.001634506,12.17,,
0xe03bdcbb130f3636ecc957a3f3cd4f618eb5baf90f36dc0f568d6d78e3e531dd,7177244,1628425498,2021-8-8 12:24,0x236480e2194421e866f09192e46c58908a1e9f78,0x587840d85679dc6d9589052aa49625a783feaf30,,0,0,0,0.000241297,0.003414349,12.17,,
0x11253fed530ec538118cb5ae61e562b2e7c7d779cf0adee3bb01fc286037cf9c,7177275,1628425591,2021-8-8 12:26,0x87cf4c84337aa9ebc7de6305b80e2701b5672b02,0x587840d85679dc6d9589052aa49625a783feaf30,,0,0,0,0.000106354,0.001504905,12.17,,
0xe07ac1e19e0d4c629a133f46536301db119c40b6989264af1d8bd2cb265426bb,7177287,1628425627,2021-8-8 12:27,0x236480e2194421e866f09192e46c58908a1e9f78,0x587840d85679dc6d9589052aa49625a783feaf30,,0,0,0,0.000275047,0.003891912,12.17,,
0x374fc2027ec20b1784880469bfe90d7b6a0ac676e9bf18c6911f3e7b662f863e,7177349,1628425813,2021-8-8 12:30,0x87cf4c84337aa9ebc7de6305b80e2701b5672b02,0x587840d85679dc6d9589052aa49625a783feaf30,,0,0,0,0.000106325,0.001504496,12.17,,
0x35ac5f9ea1c1c21f811a12ca7dd26f849b958094f18bc582e32c6aac4fe951fb,7177403,1628425975,2021-8-8 12:32,0x87cf4c84337aa9ebc7de6305b80e2701b5672b02,0x587840d85679dc6d9589052aa49625a783feaf30,,0,0,0,0.000241297,0.003414349,12.17,,
0x0637c078e314093216890797c365387c18d23fb519536cf25107a40f8b175f62,7177529,1628426353,2021-8-8 12:39,0x507050d56f17cbef80481bd48065364c78edd162,0x587840d85679dc6d9589052aa49625a783feaf30,,0,0,0,0.000155498,0.002200297,12.17,,
0x26941be2c6eac0002bf9bd3968fe6191385e0f62460b1065ca96c6364be82df3,7177564,1628426458,2021-8-8 12:40,0xffc9df048852773167366ef1739b8e0426bdd68e,0x587840d85679dc6d9589052aa49625a783feaf30,,0,0,0,0.000226583,0.003206147,12.17,,
0xd965fc86c3ac3b3fb21ca9909494ed5b5e4e337a9daa3d552eda590144860255,7177811,1628427199,2021-8-8 12:53,0x7f82adaa57591b426d2c28c379209a7fa245905b,0x587840d85679dc6d9589052aa49625a783feaf30,,0,0,0,0.000155498,0.002200297,12.17,,
0x74ddd34b7954fbfa445b0ef3ce6dcd1d82301e1d800e58d71c018ce4a3c8f63a,7178119,1628428123,2021-8-8 13:08,0xc5d42a31523c4e383b3cfcea45f1732277faf256,0x587840d85679dc6d9589052aa49625a783feaf30,,0,0,0,0.000099963,0.001414476,12.17,,
0x2a9e70d75337527c9d60a53748020ba52b1754888066880a2d0573d60b234e07,7178139,1628428183,2021-8-8 13:09,0x9bd6078221861f93abbad07fcffd9c481b1c3ebc,0x587840d85679dc6d9589052aa49625a783feaf30,,0,0,0,0.000099963,0.001414476,12.17,,
0xde23407a0834431eb4b3e1f73e764f4f4ff8faa6c54162bacd2f7dee07e2286c,7178279,1628428603,2021-8-8 13:16,0x259a0fd44f4b2b758a0e8e4b851e25be7fae47a9,0x587840d85679dc6d9589052aa49625a783feaf30,,0,0,0,0.000226583,0.003206147,12.17,,
0xaa5296ddfa68a7812f7b685cc619a3429a63536a6308ed374465c03faa6d7a18,7178287,1628428627,2021-8-8 13:17,0x9bf5c7de260964b5290960333449e751b4937914,0x587840d85679dc6d9589052aa49625a783feaf30,,0,0,0,0.000099963,0.001414476,12.17,,
0x5cdc82903e158d9881699619c794fd2fb016c74bf6594fa9ef49e8489da12f3b,7178392,1628428942,2021-8-8 13:22,0x1d7a35f4bf17ceca67992b004753d1ed152beaa0,0x587840d85679dc6d9589052aa49625a783feaf30,,0,0,0,0.000099963,0.001414476,12.17,,
0x44d58c37dbc3a1bf000d585e9bcdb2aa8b0d04a012dd8611c71e748b7725df10,7178996,1628430754,2021-8-8 13:52,0xe1661e242cfd8892d26a6136ecce46a8464fccf2,0x587840d85679dc6d9589052aa49625a783feaf30,,0,0,0,0.000241351,0.003415113,12.17,,
0x5fc71c0022efe2414ad6c9ecc77b3e793e118ad1bd436e10db16561079443665,7179779,1628433103,2021-8-8 14:31,0xc5b5e1a903b52bace82e46fe815b94359679ade1,0x587840d85679dc6d9589052aa49625a783feaf30,,0,0,0,0.000155498,0.002200297,12.17,,
0x27d9ac490120d2910b5ae065e2860286b0611f516bb109e5f8e83b977c76a3c0,7180527,1628435347,2021-8-8 15:09,0xcc2f9f058417a4d614078c12cc7e9aaab05d5429,0x587840d85679dc6d9589052aa49625a783feaf30,,0,0,0,0.000099963,0.001414476,12.17,,
0x0e65b72fbc5b5de61600475fdd27af949699a9557fa326b3e860e03d27e415ec,7180854,1628436328,2021-8-8 15:25,0xb6751293be46b96f5fda41153ab64df48fb37834,0x587840d85679dc6d9589052aa49625a783feaf30,,0,0,0,0.000099963,0.001414476,12.17,,
0xa2370fe1cc5c3c844af447ccd4adcf7f0ec53c556a1c32afd5ce2a040c603a56,7181068,1628436970,2021-8-8 15:36,0xbb52d791c8b6e46d953bf9169fc4a34636b7bbaa,0x587840d85679dc6d9589052aa49625a783feaf30,,0,0,0,0.000099963,0.001414476,12.17,,
0xb53967ffd44a8a72ed1255913df272a6cdea02b81f942ce7c779e4b236311b2b,7181323,1628437735,2021-8-8 15:48,0xbb52d791c8b6e46d953bf9169fc4a34636b7bbaa,0x587840d85679dc6d9589052aa49625a783feaf30,,0,0,0,3.26745E-05,0.000462344,12.17,,
0x15d72e14f2dc1a571062a088228797f4aced5de80aa63d253e973b4abd96610d,7181570,1628438477,2021-8-8 16:01,0x74e6edfe17c5fe8bddf195c524d3d9f2b33094f8,0x587840d85679dc6d9589052aa49625a783feaf30,,0,0,0,0.000100017,0.001415241,12.17,,
0x6b4a2a006287206ff76ec63f5ee4e769d037bf6f09160081edfa1b362bbaa62b,7181697,1628438858,2021-8-8 16:07,0xd3959f2a25c2a17b07cfea5cd826cb51818f2fab,0x587840d85679dc6d9589052aa49625a783feaf30,,0,0,0,0.000155498,0.002200297,12.17,,
0xedcd863d522f285bc6ccb296f668bcf16f483ddbef5437e79be5a0864c8e26b1,7181801,1628439170,2021-8-8 16:12,0x60a9269c168930b1d642df516eaecc3d4457dba2,0x587840d85679dc6d9589052aa49625a783feaf30,,0,0,0,0.000115513,0.001634506,12.17,,
